path_nbr, x, y, cost, index, parent_index;
1, 0.000000, -1.000000, 0.000000, 0, -1;
1, 1.999692, -0.965199, 1.999995, 2, 0;
1, 3.999597, -0.949934, 3.999958, 4, 2;
1, 5.999143, -0.927156, 5.999633, 6, 4;
1, 6.999125, -0.921230, 6.999633, 7, 6;
1, 8.394946, -0.892563, 8.395748, 1336, 7;
1, 9.276391, -0.851366, 9.278155, 1521, 1336;
1, 10.987046, -0.760094, 10.991244, 11, 1521;
1, 12.986783, -0.739107, 12.992095, 13, 11;
1, 14.264244, -0.626896, 14.274476, 1672, 13;
1, 15.720676, -0.554962, 15.732683, 926, 1672;
1, 16.806069, -0.218324, 16.877371, 18, 926;
1, 18.227850, -0.259129, 18.303448, 666, 18;
1, 18.805945, -0.228097, 18.882375, 21, 666;
1, 20.796059, -0.207053, 20.876467, 24, 21;
1, 22.750362, -0.431382, 22.843603, 135, 24;
1, 24.723405, -0.627348, 24.826354, 28, 135;
1, 25.346109, -0.665929, 25.450252, 195, 28;
1, 27.337955, -0.604135, 27.443056, 290, 195;
1, 28.721593, -0.548650, 28.827807, 32, 290;
1, 30.721098, -0.512224, 30.835093, 34, 32;
1, 32.622256, -0.386346, 32.740414, 315, 34;
1, 34.376237, 0.212244, 34.593724, 47, 315;
1, 36.296099, 0.249189, 36.513941, 680, 47;
1, 37.376033, 0.210889, 37.594555, 51, 680;
1, 38.926034, 0.120194, 39.147206, 1123, 51;
1, 39.876448, -0.012740, 40.106873, 303, 1123;
1, 41.341250, -0.133470, 41.576641, 1475, 303;
1, 43.184838, -0.102229, 43.420494, 741, 1475;
1, 44.764831, 0.277840, 45.045557, 1547, 741;
1, 46.494931, -0.111246, 46.818869, 432, 1547;
1, 48.052093, 0.162777, 48.404795, 722, 432;
1, 48.657927, 0.237672, 49.015240, 583, 722;
1, 50.412522, 0.421603, 50.779450, 888, 583;
1, 51.280625, 0.434415, 51.647647, 518, 888;
1, 53.080444, -0.124378, 53.532216, 1085, 518;
1, 54.737833, -0.489683, 55.229385, 1539, 1085;
1, 55.524761, -0.921583, 56.127046, 82, 1539;
1, 57.335008, -0.878975, 57.985417, 1214, 82;
1, 58.515602, -0.807618, 59.168167, 86, 1214;
1, 60.506397, -0.631617, 61.167411, 89, 86;
1, 62.488596, -0.478560, 63.155510, 92, 89;
1, 63.488593, -0.475905, 64.155510, 95, 92;
1, 65.487574, -0.456110, 66.154590, 98, 95;
1, 67.487547, -0.448582, 68.154577, 102, 98;
1, 69.487463, -0.445149, 70.154496, 104, 102;
1, 71.482410, -0.525697, 72.151068, 109, 104;
1, 73.482034, -0.556505, 74.150929, 111, 109;
1, 75.481408, -0.602070, 76.150822, 114, 111;
1, 77.479961, -0.551517, 78.150015, 116, 114;
1, 78.479817, -0.534531, 79.150015, 120, 116;
1, 80.477349, -0.463829, 81.148797, 122, 120;
1, 82.475121, -0.410605, 83.147279, 124, 122;
1, 83.475071, -0.400633, 84.147279, 125, 124;
1, 85.414688, -0.057355, 86.117038, 128, 125;
1, 87.411964, -0.005572, 88.114986, 130, 128;
1, 88.411811, 0.011952, 89.114986, 131, 130;
1, 89.474390, 0.048324, 90.178187, 1440, 131;
1, 91.408642, 0.125007, 92.113959, 139, 1440;
1, 93.406331, 0.187223, 94.112797, 142, 139;
1, 95.396849, 0.294978, 96.106230, 146, 142;
1, 97.336737, 0.372214, 98.047655, 704, 146;
1, 98.829113, 0.111839, 99.562574, 381, 704;
1, 100.144376, -0.249583, 100.926591, 894, 381;
1, 101.983014, -0.383079, 102.770069, 577, 894;
1, 103.975809, -0.273022, 104.765900, 997, 577;
1, 104.266269, -0.247889, 105.057446, 1542, 997;
1, 105.988558, -0.500975, 106.798231, 378, 1542;
1, 107.716408, -0.598527, 108.528833, 1604, 378;
1, 109.203884, -0.273238, 110.051462, 1115, 1604;
1, 110.114337, -0.628417, 111.040050, 186, 1115;
1, 112.112768, -0.663836, 113.238855, 190, 186;
1, 114.111674, -0.614494, 115.238370, 197, 190;
1, 116.106345, -0.477595, 117.237734, 207, 197;
1, 118.079037, -0.447401, 119.210657, 1495, 207;
1, 119.104018, -0.441366, 120.235655, 211, 1495;
1, 120.417854, -0.328392, 121.554440, 595, 211;
1, 122.073172, -0.164138, 123.217888, 223, 595;
1, 124.072290, -0.125230, 125.220351, 226, 223;
1, 126.071596, -0.160090, 127.219960, 233, 226;
1, 128.071189, -0.161088, 129.219554, 242, 233;
1, 130.071014, -0.187504, 131.219553, 247, 242;
1, 132.064718, -0.241045, 133.213976, 250, 247;
1, 133.064712, -0.237573, 134.213976, 251, 250;
1, 135.059602, -0.239594, 136.208867, 262, 251;
1, 136.059084, -0.207412, 137.208867, 263, 262;
1, 138.058558, -0.174069, 139.208619, 280, 263;
1, 140.057033, -0.123555, 141.207732, 293, 280;
1, 142.051386, 0.008963, 143.206483, 318, 293;
1, 143.048052, 0.090562, 144.206483, 332, 318;
1, 144.916530, 0.238931, 146.080843, 348, 332;
1, 145.914614, 0.300803, 147.080843, 361, 348;
1, 147.330524, 0.401358, 148.500319, 956, 361;
1, 148.934832, 0.475350, 150.106332, 1333, 956;
1, 150.549826, 0.215625, 151.742078, 400, 1333;
1, 151.205943, 0.131046, 152.403624, 1662, 400;
1, 152.543842, 0.363095, 153.761498, 423, 1662;
1, 154.328572, -0.022604, 155.626564, 1558, 423;
1, 155.679163, -0.054012, 156.977519, 1476, 1558;
1, 156.913508, -0.530506, 158.300643, 1592, 1476;
1, 158.355550, -0.017666, 159.831162, 1101, 1592;
1, 159.915934, -0.232114, 161.406213, 1689, 1101;
1, 160.867058, -0.211703, 162.357556, 1646, 1689;
1, 162.566708, -0.037987, 164.193998, 1537, 1646;
1, 164.341652, -0.596674, 166.139248, 748, 1537;
1, 166.147411, -0.837063, 167.960937, 1601, 748;
1, 167.470368, -1.411857, 169.403367, 1623, 1601;
1, 168.937925, -0.955298, 170.940302, 1567, 1623;
1, 170.581697, -1.030295, 172.610064, 559, 1567;
1, 172.511824, -1.088284, 174.651377, 1091, 559;
1, 174.294350, -0.849980, 176.449762, 1268, 1091;
1, 174.976891, -0.725148, 177.143624, 1138, 1268;
1, 176.305167, -0.300215, 178.544770, 767, 1138;
1, 177.219988, -0.157258, 179.470693, 1609, 767;
1, 177.833133, -0.097866, 180.086707, 873, 1609;
1, 179.397504, 0.558704, 181.783275, 1692, 873;
2, 0.000000, -1.000000, 0.000000, 0, -1;
2, 1.999692, -0.965199, 1.999995, 2, 0;
2, 3.999597, -0.949934, 3.999958, 4, 2;
2, 5.999143, -0.927156, 5.999633, 6, 4;
2, 6.999125, -0.921230, 6.999633, 7, 6;
2, 8.394946, -0.892563, 8.395748, 1336, 7;
2, 9.276391, -0.851366, 9.278155, 1521, 1336;
2, 10.987046, -0.760094, 10.991244, 11, 1521;
2, 12.986783, -0.739107, 12.992095, 13, 11;
2, 14.264244, -0.626896, 14.274476, 1672, 13;
2, 16.149392, -0.513361, 16.163040, 1258, 1672;
2, 17.715503, -0.323381, 17.740631, 1878, 1258;
2, 18.805945, -0.228097, 18.835228, 21, 1878;
2, 20.606097, -0.393858, 20.642996, 1962, 21;
2, 22.427731, -0.466169, 22.466064, 1978, 1962;
2, 24.201941, -0.137749, 24.270415, 365, 1978;
2, 25.271842, -0.108389, 25.357463, 358, 365;
2, 26.694329, 0.047353, 26.788450, 1705, 358;
2, 28.583448, 0.120603, 28.678989, 265, 1705;
2, 29.974656, 0.102421, 30.070316, 1980, 265;
2, 31.566445, 0.368507, 31.684191, 1807, 1980;
2, 33.432085, 0.213559, 33.556254, 2067, 1807;
2, 34.376237, 0.212244, 34.500407, 47, 2067;
2, 35.490173, 0.340730, 35.621729, 2083, 47;
2, 37.450926, 0.595497, 37.598964, 2160, 2083;
2, 38.691864, 0.411747, 38.853432, 1680, 2160;
2, 40.197002, 0.522764, 40.427765, 1492, 1680;
2, 41.995571, 0.521755, 42.226335, 2184, 1492;
2, 43.216221, 0.289742, 43.468839, 68, 2184;
2, 44.381651, 0.365568, 44.636733, 2240, 68;
2, 44.764831, 0.277840, 45.029827, 1547, 2240;
2, 46.494931, -0.111246, 46.818869, 432, 1547;
2, 48.489828, -0.167849, 48.819406, 755, 432;
2, 50.066509, 0.075573, 50.414766, 1910, 755;
2, 51.832496, -0.152418, 52.195411, 1725, 1910;
2, 53.080444, -0.124378, 53.488893, 1085, 1725;
2, 54.737833, -0.489683, 55.229385, 1539, 1085;
2, 56.420856, -0.980813, 56.982604, 1698, 1539;
2, 57.335008, -0.878975, 57.902411, 1214, 1698;
2, 58.515602, -0.807618, 59.168167, 86, 1214;
2, 60.506397, -0.631617, 61.167411, 89, 86;
2, 62.488596, -0.478560, 63.155510, 92, 89;
2, 63.488593, -0.475905, 64.155510, 95, 92;
2, 65.487574, -0.456110, 66.154590, 98, 95;
2, 67.487547, -0.448582, 68.154577, 102, 98;
2, 69.487463, -0.445149, 70.154496, 104, 102;
2, 71.482410, -0.525697, 72.151068, 109, 104;
2, 73.482034, -0.556505, 74.150929, 111, 109;
2, 75.481408, -0.602070, 76.150822, 114, 111;
2, 77.479961, -0.551517, 78.150015, 116, 114;
2, 78.479817, -0.534531, 79.150015, 120, 116;
2, 80.477349, -0.463829, 81.148797, 122, 120;
2, 82.475121, -0.410605, 83.147279, 124, 122;
2, 83.475071, -0.400633, 84.147279, 125, 124;
2, 85.414688, -0.057355, 86.117038, 128, 125;
2, 87.411964, -0.005572, 88.114986, 130, 128;
2, 88.411811, 0.011952, 89.114986, 131, 130;
2, 89.474390, 0.048324, 90.178187, 1440, 131;
2, 91.408642, 0.125007, 92.113959, 139, 1440;
2, 92.937816, 0.163514, 93.643618, 2080, 139;
2, 93.406331, 0.187223, 94.112732, 142, 2080;
2, 95.376208, 0.255981, 96.083873, 694, 142;
2, 96.780605, 0.285112, 97.488573, 1593, 694;
2, 98.345754, -0.053071, 99.089841, 240, 1593;
2, 99.578981, -0.175684, 100.329148, 1963, 240;
2, 100.144376, -0.249583, 100.899352, 894, 1963;
2, 101.983014, -0.383079, 102.770069, 577, 894;
2, 103.284557, -0.441722, 104.072933, 898, 577;
2, 105.201850, -0.548144, 105.993177, 1897, 898;
2, 105.988558, -0.500975, 106.781298, 378, 1897;
2, 107.716408, -0.598527, 108.528833, 1604, 378;
2, 109.114525, -0.609029, 109.926990, 185, 1604;
2, 110.794004, -0.446975, 111.614268, 1780, 185;
2, 111.519433, -0.627016, 112.361705, 697, 1780;
2, 112.768528, -1.072355, 113.687814, 1919, 697;
2, 114.494239, -1.138779, 115.414803, 1795, 1919;
2, 115.818043, -0.948282, 116.782392, 1324, 1795;
2, 116.704307, -0.938086, 117.668715, 2188, 1324;
2, 118.079037, -0.447401, 119.128390, 1495, 2188;
2, 119.104018, -0.441366, 120.235655, 211, 1495;
2, 120.104013, -0.438450, 121.235756, 217, 211;
2, 121.877283, -0.324612, 123.012676, 1251, 217;
2, 123.520305, -0.251030, 124.657344, 1464, 1251;
2, 124.775721, -0.252232, 125.912761, 2102, 1464;
2, 126.071596, -0.160090, 127.211908, 233, 2102;
2, 128.071189, -0.161088, 129.219554, 242, 233;
2, 130.071014, -0.187504, 131.219553, 247, 242;
2, 132.064718, -0.241045, 133.213976, 250, 247;
2, 133.064712, -0.237573, 134.213976, 251, 250;
2, 134.172700, -0.248943, 135.322022, 1876, 251;
2, 136.059084, -0.207412, 137.208863, 263, 1876;
2, 138.058558, -0.174069, 139.208619, 280, 263;
2, 140.057033, -0.123555, 141.207732, 293, 280;
2, 142.051386, 0.008963, 143.206483, 318, 293;
2, 143.048052, 0.090562, 144.206483, 332, 318;
2, 144.916530, 0.238931, 146.080843, 348, 332;
2, 146.107330, 0.225518, 147.271718, 1847, 348;
2, 147.166154, 0.217832, 148.330570, 876, 1847;
2, 148.854427, -0.003899, 150.037711, 1712, 876;
2, 150.710095, 0.017887, 151.893507, 1110, 1712;
2, 152.575847, -0.185527, 153.770314, 2112, 1110;
2, 154.432082, -0.385136, 155.637251, 772, 2112;
2, 155.561994, -0.506457, 156.808943, 2069, 772;
2, 156.913508, -0.530506, 158.160671, 1592, 2069;
2, 158.051743, -0.423350, 159.305049, 2003, 1592;
2, 159.516992, -0.270632, 160.778235, 521, 2003;
2, 160.287660, -0.204682, 161.551720, 2159, 521;
2, 160.867058, -0.211703, 162.131160, 1646, 2159;
2, 162.438403, -0.003472, 163.742569, 2088, 1646;
2, 163.741723, -0.526642, 165.146972, 2140, 2088;
2, 165.453848, -0.636090, 166.862591, 480, 2140;
2, 166.885154, -0.858983, 168.565848, 1752, 480;
2, 168.825872, -0.908591, 170.507200, 1922, 1752;
2, 170.581697, -1.030295, 172.267239, 559, 1922;
2, 172.381737, -0.711402, 174.095307, 2028, 559;
2, 174.351554, -0.638917, 176.066458, 1998, 2028;
2, 176.046196, -0.416085, 177.775687, 2176, 1998;
2, 177.833133, -0.097866, 179.590737, 873, 2176;
2, 179.432837, 0.312121, 181.242144, 2304, 873;
3, 0.000000, -1.000000, 0.000000, 0, -1;
3, 1.999692, -0.965199, 1.999995, 2, 0;
3, 3.999597, -0.949934, 3.999958, 4, 2;
3, 5.999143, -0.927156, 5.999633, 6, 4;
3, 6.999125, -0.921230, 6.999633, 7, 6;
3, 8.394946, -0.892563, 8.395748, 1336, 7;
3, 9.276391, -0.851366, 9.278155, 1521, 1336;
3, 10.987046, -0.760094, 10.991244, 11, 1521;
3, 12.986783, -0.739107, 12.992095, 13, 11;
3, 14.264244, -0.626896, 14.274476, 1672, 13;
3, 16.149392, -0.513361, 16.163040, 1258, 1672;
3, 17.715503, -0.323381, 17.740631, 1878, 1258;
3, 18.805945, -0.228097, 18.835228, 21, 1878;
3, 20.606097, -0.393858, 20.642996, 1962, 21;
3, 22.427731, -0.466169, 22.466064, 1978, 1962;
3, 24.201941, -0.137749, 24.270415, 365, 1978;
3, 25.271842, -0.108389, 25.357463, 358, 365;
3, 26.694329, 0.047353, 26.788450, 1705, 358;
3, 28.583448, 0.120603, 28.678989, 265, 1705;
3, 29.974656, 0.102421, 30.070316, 1980, 265;
3, 31.566445, 0.368507, 31.684191, 1807, 1980;
3, 33.432085, 0.213559, 33.556254, 2067, 1807;
3, 34.376237, 0.212244, 34.500407, 47, 2067;
3, 35.490173, 0.340730, 35.621729, 2083, 47;
3, 37.450926, 0.595497, 37.598964, 2160, 2083;
3, 38.691864, 0.411747, 38.853432, 1680, 2160;
3, 40.197002, 0.522764, 40.427765, 1492, 1680;
3, 41.995571, 0.521755, 42.226335, 2184, 1492;
3, 43.216221, 0.289742, 43.468839, 68, 2184;
3, 44.381651, 0.365568, 44.636733, 2240, 68;
3, 44.764831, 0.277840, 45.029827, 1547, 2240;
3, 46.494931, -0.111246, 46.818869, 432, 1547;
3, 48.052093, 0.162777, 48.404795, 722, 432;
3, 48.657927, 0.237672, 49.015240, 583, 722;
3, 50.412522, 0.421603, 50.779450, 888, 583;
3, 51.280625, 0.434415, 51.647647, 518, 888;
3, 53.007185, 0.209791, 53.388758, 1168, 518;
3, 53.735643, 0.111344, 54.123838, 175, 1168;
3, 55.360818, 0.170133, 55.750076, 2061, 175;
3, 56.097538, 0.071606, 56.493355, 306, 2061;
3, 57.394124, 0.019699, 57.790979, 2278, 306;
3, 58.479696, -0.309039, 58.925235, 1940, 2278;
3, 59.562663, -0.537361, 60.032009, 2339, 1940;
3, 60.506397, -0.631617, 60.980438, 89, 2339;
3, 62.488596, -0.478560, 63.155510, 92, 89;
3, 63.488593, -0.475905, 64.155510, 95, 92;
3, 65.487574, -0.456110, 66.154590, 98, 95;
3, 67.487547, -0.448582, 68.154577, 102, 98;
3, 69.487463, -0.445149, 70.154496, 104, 102;
3, 71.482410, -0.525697, 72.151068, 109, 104;
3, 73.482034, -0.556505, 74.150929, 111, 109;
3, 75.481408, -0.602070, 76.150822, 114, 111;
3, 77.479961, -0.551517, 78.150015, 116, 114;
3, 78.479817, -0.534531, 79.150015, 120, 116;
3, 80.477349, -0.463829, 81.148797, 122, 120;
3, 82.475121, -0.410605, 83.147279, 124, 122;
3, 83.475071, -0.400633, 84.147279, 125, 124;
3, 85.414688, -0.057355, 86.117038, 128, 125;
3, 87.411964, -0.005572, 88.114986, 130, 128;
3, 88.411811, 0.011952, 89.114986, 131, 130;
3, 89.474390, 0.048324, 90.178187, 1440, 131;
3, 91.408642, 0.125007, 92.113959, 139, 1440;
3, 92.937816, 0.163514, 93.643618, 2080, 139;
3, 93.406331, 0.187223, 94.112732, 142, 2080;
3, 95.376208, 0.255981, 96.083873, 694, 142;
3, 96.780605, 0.285112, 97.488573, 1593, 694;
3, 98.345754, -0.053071, 99.089841, 240, 1593;
3, 99.578981, -0.175684, 100.329148, 1963, 240;
3, 100.144376, -0.249583, 100.899352, 894, 1963;
3, 101.983014, -0.383079, 102.770069, 577, 894;
3, 103.284557, -0.441722, 104.072933, 898, 577;
3, 105.201850, -0.548144, 105.993177, 1897, 898;
3, 105.988558, -0.500975, 106.781298, 378, 1897;
3, 107.716408, -0.598527, 108.528833, 1604, 378;
3, 109.114525, -0.609029, 109.926990, 185, 1604;
3, 110.794004, -0.446975, 111.614268, 1780, 185;
3, 111.519433, -0.627016, 112.361705, 697, 1780;
3, 112.768528, -1.072355, 113.687814, 1919, 697;
3, 114.494239, -1.138779, 115.414803, 1795, 1919;
3, 116.242970, -1.352422, 117.206685, 945, 1795;
3, 117.535906, -1.174475, 118.511809, 2330, 945;
3, 119.113985, -0.853027, 120.122294, 673, 2330;
3, 120.590525, -0.588638, 121.622317, 2351, 673;
3, 121.877283, -0.324612, 122.935884, 1251, 2351;
3, 123.520305, -0.251030, 124.657344, 1464, 1251;
3, 124.775721, -0.252232, 125.912761, 2102, 1464;
3, 126.071596, -0.160090, 127.211908, 233, 2102;
3, 128.071189, -0.161088, 129.219554, 242, 233;
3, 130.071014, -0.187504, 131.219553, 247, 242;
3, 132.064718, -0.241045, 133.213976, 250, 247;
3, 133.064712, -0.237573, 134.213976, 251, 250;
3, 134.172700, -0.248943, 135.322022, 1876, 251;
3, 136.059084, -0.207412, 137.208863, 263, 1876;
3, 138.058558, -0.174069, 139.208619, 280, 263;
3, 140.057033, -0.123555, 141.207732, 293, 280;
3, 142.051386, 0.008963, 143.206483, 318, 293;
3, 143.048052, 0.090562, 144.206483, 332, 318;
3, 144.916530, 0.238931, 146.080843, 348, 332;
3, 146.107330, 0.225518, 147.271718, 1847, 348;
3, 147.166154, 0.217832, 148.330570, 876, 1847;
3, 148.854427, -0.003899, 150.037711, 1712, 876;
3, 150.710095, 0.017887, 151.893507, 1110, 1712;
3, 152.575847, -0.185527, 153.770314, 2112, 1110;
3, 154.432082, -0.385136, 155.637251, 772, 2112;
3, 155.561994, -0.506457, 156.808943, 2069, 772;
3, 156.913508, -0.530506, 158.160671, 1592, 2069;
3, 158.051743, -0.423350, 159.305049, 2003, 1592;
3, 159.516992, -0.270632, 160.778235, 521, 2003;
3, 160.287660, -0.204682, 161.551720, 2159, 521;
3, 160.867058, -0.211703, 162.131160, 1646, 2159;
3, 162.438403, -0.003472, 163.742569, 2088, 1646;
3, 163.741723, -0.526642, 165.146972, 2140, 2088;
3, 165.453848, -0.636090, 166.862591, 480, 2140;
3, 166.885154, -0.858983, 168.565848, 1752, 480;
3, 168.825872, -0.908591, 170.507200, 1922, 1752;
3, 170.581697, -1.030295, 172.267239, 559, 1922;
3, 172.381737, -0.711402, 174.095307, 2028, 559;
3, 174.351554, -0.638917, 176.066458, 1998, 2028;
3, 176.046196, -0.416085, 177.775687, 2176, 1998;
3, 177.831942, 0.102817, 179.635296, 2303, 2176;
3, 179.306531, 0.484642, 181.158518, 2352, 2303;
4, 0.000000, -1.000000, 0.000000, 0, -1;
4, 1.999692, -0.965199, 1.999995, 2, 0;
4, 3.999597, -0.949934, 3.999958, 4, 2;
4, 5.999143, -0.927156, 5.999633, 6, 4;
4, 6.999125, -0.921230, 6.999633, 7, 6;
4, 8.394946, -0.892563, 8.395748, 1336, 7;
4, 9.276391, -0.851366, 9.278155, 1521, 1336;
4, 10.987046, -0.760094, 10.991244, 11, 1521;
4, 12.986783, -0.739107, 12.992095, 13, 11;
4, 14.264244, -0.626896, 14.274476, 1672, 13;
4, 16.149392, -0.513361, 16.163040, 1258, 1672;
4, 17.715503, -0.323381, 17.740631, 1878, 1258;
4, 18.329492, -0.299879, 18.355069, 919, 1878;
4, 19.915770, -0.242602, 19.942381, 2060, 919;
4, 20.796059, -0.207053, 20.823388, 24, 2060;
4, 21.969265, -0.036092, 22.008985, 2800, 24;
4, 23.795488, -0.254563, 23.848229, 27, 2800;
4, 25.351946, -0.216892, 25.433213, 1184, 27;
4, 26.995203, -0.120106, 27.079317, 246, 1184;
4, 28.539423, 0.008644, 28.628895, 2873, 246;
4, 29.974656, 0.102421, 30.067189, 1980, 2873;
4, 31.566445, 0.368507, 31.684191, 1807, 1980;
4, 33.432085, 0.213559, 33.556254, 2067, 1807;
4, 34.376237, 0.212244, 34.500407, 47, 2067;
4, 35.981382, 0.086010, 36.110508, 2576, 47;
4, 36.973613, 0.028594, 37.104399, 404, 2576;
4, 38.885369, 0.056426, 39.016358, 3291, 404;
4, 40.321635, 0.246931, 40.465203, 2906, 3291;
4, 42.180465, 0.409881, 42.331161, 3335, 2906;
4, 43.209720, 0.255964, 43.371861, 2130, 3335;
4, 44.540365, -0.003302, 44.727529, 3345, 2130;
4, 45.522642, 0.173521, 45.725594, 726, 3345;
4, 46.703277, 0.426589, 46.959850, 3250, 726;
4, 48.332826, 0.502261, 48.591154, 1682, 3250;
4, 49.960941, 0.458328, 50.301261, 2729, 1682;
4, 51.280625, 0.434415, 51.621161, 518, 2729;
4, 52.794400, 0.433199, 53.161423, 991, 518;
4, 54.689782, 0.560802, 55.061096, 3078, 991;
4, 55.761576, 0.514804, 56.133876, 555, 3078;
4, 56.780794, 0.471371, 57.154019, 3372, 555;
4, 58.123294, 0.374376, 58.500019, 2546, 3372;
4, 59.270581, 0.305156, 59.656620, 1607, 2546;
4, 61.125123, 0.527386, 61.528171, 2285, 1607;
4, 61.664699, 0.535651, 62.067810, 1671, 2285;
4, 63.632173, 0.625575, 64.037338, 2790, 1671;
4, 64.488297, 0.689728, 64.895863, 1637, 2790;
4, 65.825176, 0.699750, 66.232779, 3424, 1637;
4, 67.698318, 0.887700, 68.115326, 2048, 3424;
4, 68.547323, 0.989217, 68.970379, 3507, 2048;
4, 69.611708, 0.883075, 70.040043, 2368, 3507;
4, 71.549454, 1.260497, 72.027651, 3133, 2368;
4, 73.202614, 1.242278, 73.680911, 3196, 3133;
4, 74.838902, 1.155436, 75.319502, 698, 3196;
4, 76.720740, 0.953436, 77.212151, 3433, 698;
4, 77.806008, 0.936127, 78.297557, 2764, 3433;
4, 78.892859, 1.005021, 79.448649, 2562, 2764;
4, 80.539007, 1.005666, 81.099110, 2186, 2562;
4, 82.444766, 0.961737, 83.005375, 2686, 2186;
4, 84.142200, 0.702340, 84.722515, 687, 2686;
4, 85.308549, 0.412229, 85.924402, 2890, 687;
4, 87.135075, -0.045146, 87.807323, 3022, 2890;
4, 88.411811, 0.011952, 89.085335, 131, 3022;
4, 89.474390, 0.048324, 90.178187, 1440, 131;
4, 91.408642, 0.125007, 92.113959, 139, 1440;
4, 92.937816, 0.163514, 93.643618, 2080, 139;
4, 93.941069, 0.195776, 94.647389, 3163, 2080;
4, 95.376208, 0.255981, 96.083790, 694, 3163;
4, 96.780605, 0.285112, 97.488573, 1593, 694;
4, 98.345754, -0.053071, 99.089841, 240, 1593;
4, 99.578981, -0.175684, 100.329148, 1963, 240;
4, 100.144376, -0.249583, 100.899352, 894, 1963;
4, 102.064993, -0.419060, 102.827432, 3047, 894;
4, 103.284557, -0.441722, 104.047207, 898, 3047;
4, 104.930537, -0.544328, 105.696382, 3446, 898;
4, 105.937985, -0.508721, 106.704458, 3453, 3446;
4, 107.716408, -0.598527, 108.485148, 1604, 3453;
4, 109.523607, -0.964568, 110.372729, 1236, 1604;
4, 110.133204, -1.004029, 110.983602, 2918, 1236;
4, 111.573381, -1.269069, 112.447964, 2603, 2918;
4, 113.425418, -1.353079, 114.303339, 1842, 2603;
4, 113.649487, -1.398192, 114.531904, 3312, 1842;
4, 115.358325, -1.392369, 116.240751, 2485, 3312;
4, 115.730196, -1.357053, 116.631603, 2961, 2485;
4, 117.582066, -1.242736, 118.486998, 2925, 2961;
4, 118.932646, -1.223832, 119.837898, 2837, 2925;
4, 120.800675, -1.031413, 121.718251, 467, 2837;
4, 122.780514, -0.839665, 123.707353, 3208, 467;
4, 123.253307, -0.885547, 124.182367, 2147, 3208;
4, 125.114713, -0.786274, 126.046420, 3302, 2147;
4, 126.967960, -0.743209, 127.900167, 602, 3302;
4, 128.584767, -1.114224, 129.596011, 3143, 602;
4, 129.505804, -1.216882, 130.522752, 2608, 3143;
4, 131.217854, -1.212525, 132.255018, 2829, 2608;
4, 132.195758, -1.163213, 133.234165, 3074, 2829;
4, 134.073502, -0.834089, 135.140535, 494, 3074;
4, 135.497321, -0.473901, 136.609207, 3127, 494;
4, 136.524304, -0.347680, 137.643917, 2812, 3127;
4, 138.060296, -0.180172, 139.189015, 3228, 2812;
4, 139.058548, -0.178577, 140.187269, 282, 3228;
4, 140.865916, -0.233732, 142.016491, 1223, 282;
4, 142.386031, -0.266307, 143.536955, 1643, 1223;
4, 144.009905, -0.183005, 145.162964, 337, 1643;
4, 145.416090, -0.313002, 146.575145, 2091, 337;
4, 147.358485, -0.236675, 148.519040, 863, 2091;
4, 148.762607, -0.326564, 149.926036, 2598, 863;
4, 150.474855, -0.134640, 151.649007, 1078, 2598;
4, 152.298844, -0.145318, 153.473026, 3330, 1078;
4, 153.851206, -0.117067, 155.025646, 3409, 3330;
4, 155.561994, -0.506457, 156.780189, 2069, 3409;
4, 156.913508, -0.530506, 158.160671, 1592, 2069;
4, 158.051743, -0.423350, 159.305049, 2003, 1592;
4, 159.427395, -0.511329, 160.683511, 1785, 2003;
4, 161.102773, -0.392713, 162.363083, 2613, 1785;
4, 162.718159, -0.488063, 163.981280, 1554, 2613;
4, 164.592606, -0.942932, 165.910129, 3042, 1554;
4, 166.147411, -0.837063, 167.468535, 1601, 3042;
4, 167.558120, -0.757925, 168.881461, 3128, 1601;
4, 169.501427, -0.614861, 170.830027, 1461, 3128;
4, 170.809132, -0.491475, 172.143541, 3288, 1461;
4, 172.381737, -0.711402, 173.731449, 2028, 3288;
4, 172.990988, -0.502842, 174.375409, 3346, 2028;
4, 174.697237, -0.071431, 176.135352, 2791, 3346;
4, 176.007871, 0.168811, 177.467823, 3475, 2791;
4, 177.831942, 0.102817, 179.293087, 2303, 3475;
4, 179.179530, -0.081295, 180.653194, 3509, 2303;
5, 0.000000, -1.000000, 0.000000, 0, -1;
5, 1.999692, -0.965199, 1.999995, 2, 0;
5, 3.999597, -0.949934, 3.999958, 4, 2;
5, 5.999143, -0.927156, 5.999633, 6, 4;
5, 6.999125, -0.921230, 6.999633, 7, 6;
5, 8.394946, -0.892563, 8.395748, 1336, 7;
5, 9.276391, -0.851366, 9.278155, 1521, 1336;
5, 10.987046, -0.760094, 10.991244, 11, 1521;
5, 12.986783, -0.739107, 12.992095, 13, 11;
5, 14.264244, -0.626896, 14.274476, 1672, 13;
5, 16.244117, -0.439120, 16.263233, 4299, 1672;
5, 17.715503, -0.323381, 17.739164, 1878, 4299;
5, 18.329492, -0.299879, 18.355069, 919, 1878;
5, 19.915770, -0.242602, 19.942381, 2060, 919;
5, 21.583265, -0.169693, 21.611470, 1772, 2060;
5, 23.062879, -0.136094, 23.091465, 3764, 1772;
5, 24.201941, -0.137749, 24.230528, 365, 3764;
5, 26.102451, -0.061309, 26.132575, 4136, 365;
5, 27.847865, -0.000581, 27.879045, 2571, 4136;
5, 29.186989, -0.111307, 29.222739, 4693, 2571;
5, 31.038864, 0.212492, 31.102709, 3496, 4693;
5, 32.882542, 0.537057, 33.009102, 2977, 3496;
5, 34.708099, 0.416575, 34.840179, 2210, 2977;
5, 36.659062, 0.497124, 36.792804, 3940, 2210;
5, 37.065461, 0.496567, 37.199203, 3709, 3940;
5, 38.691864, 0.411747, 38.828162, 1680, 3709;
5, 39.943341, 0.490583, 40.082120, 4175, 1680;
5, 41.453448, 0.383515, 41.596017, 4358, 4175;
5, 42.167443, 0.413010, 42.310621, 4007, 4358;
5, 43.516901, 0.553904, 43.673819, 3843, 4007;
5, 45.122233, 0.567720, 45.280727, 3987, 3843;
5, 46.712263, 0.705209, 46.876690, 768, 3987;
5, 47.407200, 0.774283, 47.575052, 3991, 768;
5, 49.194028, 0.745029, 49.362119, 3755, 3991;
5, 49.606381, 0.734423, 49.774608, 4446, 3755;
5, 51.443712, 0.914871, 51.620779, 4616, 4446;
5, 52.279814, 1.019445, 52.463395, 2881, 4616;
5, 54.186763, 1.025956, 54.464718, 4127, 2881;
5, 55.490806, 1.232566, 55.785027, 2165, 4127;
5, 56.688954, 1.184734, 56.984130, 4539, 2165;
5, 58.559097, 0.633918, 58.933702, 3519, 4539;
5, 60.357561, 0.566956, 60.739445, 4245, 3519;
5, 61.664699, 0.535651, 62.046958, 1671, 4245;
5, 63.632173, 0.625575, 64.037338, 2790, 1671;
5, 64.488297, 0.689728, 64.895863, 1637, 2790;
5, 65.825176, 0.699750, 66.232779, 3424, 1637;
5, 67.698318, 0.887700, 68.115326, 2048, 3424;
5, 68.547323, 0.989217, 68.970379, 3507, 2048;
5, 70.483807, 1.021511, 70.907133, 2269, 3507;
5, 72.257196, 1.053302, 72.680807, 4714, 2269;
5, 74.254537, 1.012639, 74.678561, 4062, 4714;
5, 75.062167, 1.182448, 75.531961, 3327, 4062;
5, 77.018810, 1.080002, 77.500749, 552, 3327;
5, 78.616766, 1.361108, 79.123243, 4457, 552;
5, 79.057062, 1.318422, 79.565603, 3340, 4457;
5, 81.017622, 1.385841, 81.527322, 4557, 3340;
5, 82.209027, 1.297975, 82.721963, 4126, 4557;
5, 83.172904, 1.227959, 83.688379, 4675, 4126;
5, 83.979622, 0.960978, 84.538128, 3740, 4675;
5, 85.453957, 0.941873, 86.014690, 171, 3740;
5, 86.881517, 0.974538, 87.442623, 4076, 171;
5, 87.852116, 0.918460, 88.414841, 4420, 4076;
5, 88.970990, 0.782109, 89.541993, 1493, 4420;
5, 90.924479, 0.605413, 91.503457, 4453, 1493;
5, 92.648233, 0.759590, 93.234093, 4533, 4453;
5, 93.941069, 0.195776, 94.644521, 3163, 4533;
5, 95.376208, 0.255981, 96.083790, 694, 3163;
5, 96.780605, 0.285112, 97.488573, 1593, 694;
5, 97.936546, 0.344366, 98.646031, 2811, 1593;
5, 99.560457, 0.289302, 100.270876, 2584, 2811;
5, 101.013414, 0.212256, 101.725874, 3400, 2584;
5, 102.885545, 0.147693, 103.599118, 257, 3400;
5, 104.220815, 0.356388, 104.950599, 4465, 257;
5, 104.914317, 0.421780, 105.647177, 4620, 4465;
5, 106.666707, 0.554330, 107.404573, 4330, 4620;
5, 108.616949, 0.430633, 109.359297, 2777, 4330;
5, 110.264816, 0.368737, 111.033488, 304, 2777;
5, 111.689285, 0.355078, 112.458022, 3884, 304;
5, 113.237189, 0.331059, 114.006113, 353, 3884;
5, 114.988821, 0.306162, 115.757922, 4067, 353;
5, 116.458991, 0.209697, 117.231253, 3430, 4067;
5, 117.785878, 0.200340, 118.565919, 3972, 3430;
5, 119.576359, 0.180148, 120.356514, 4643, 3972;
5, 121.442100, 0.278323, 122.224837, 4266, 4643;
5, 123.353170, 0.261888, 124.152921, 1086, 4266;
5, 124.341485, 0.276387, 125.141342, 4633, 1086;
5, 125.947899, 0.068888, 126.761102, 1776, 4633;
5, 127.898809, 0.354047, 128.732743, 4660, 1776;
5, 129.517860, 0.137999, 130.366144, 3255, 4660;
5, 131.217020, 0.107550, 132.085564, 4583, 3255;
5, 133.042630, 0.050265, 133.912073, 1735, 4583;
5, 134.460876, -0.061144, 135.334688, 4718, 1735;
5, 136.346070, -0.610582, 137.298317, 4711, 4718;
5, 137.827627, -0.578752, 138.800716, 3941, 4711;
5, 139.684307, -0.505192, 140.672059, 643, 3941;
5, 141.647410, -0.409349, 142.637500, 4223, 643;
5, 142.155801, -0.375159, 143.147039, 3410, 4223;
5, 143.851410, -0.138539, 144.859078, 4351, 3410;
5, 145.416090, -0.313002, 146.433454, 2091, 4351;
5, 147.358485, -0.236675, 148.519040, 863, 2091;
5, 148.762607, -0.326564, 149.926036, 2598, 863;
5, 150.474855, -0.134640, 151.649007, 1078, 2598;
5, 152.298844, -0.145318, 153.473026, 3330, 1078;
5, 153.851206, -0.117067, 155.025646, 3409, 3330;
5, 155.700342, -0.392753, 156.895220, 1970, 3409;
5, 156.733997, -0.392141, 157.928875, 4546, 1970;
5, 158.174838, -0.479337, 159.372352, 4705, 4546;
5, 159.427395, -0.511329, 160.625317, 1785, 4705;
5, 161.354960, -0.552712, 162.611520, 3679, 1785;
5, 162.718159, -0.488063, 163.976251, 1554, 3679;
5, 163.710436, -0.498522, 164.968584, 4352, 1554;
5, 164.629234, -0.507554, 165.887426, 3677, 4352;
5, 166.322267, -0.316975, 167.596181, 2510, 3677;
5, 168.090937, -0.143716, 169.373317, 4575, 2510;
5, 169.965084, 0.157430, 171.271504, 3798, 4575;
5, 171.591640, 0.179297, 172.903330, 4387, 3798;
5, 172.369742, 0.268285, 173.686505, 3859, 4387;
5, 173.908031, 0.200197, 175.229070, 1695, 3859;
5, 175.825983, 0.119454, 177.148721, 4478, 1695;
5, 177.219988, -0.157258, 178.569924, 1609, 4478;
5, 179.103443, -0.205763, 180.454003, 4731, 1609;
6, 0.000000, -1.000000, 0.000000, 0, -1;
6, 1.999692, -0.965199, 1.999995, 2, 0;
6, 3.999597, -0.949934, 3.999958, 4, 2;
6, 5.999143, -0.927156, 5.999633, 6, 4;
6, 6.999125, -0.921230, 6.999633, 7, 6;
6, 8.394946, -0.892563, 8.395748, 1336, 7;
6, 9.276391, -0.851366, 9.278155, 1521, 1336;
6, 10.987046, -0.760094, 10.991244, 11, 1521;
6, 12.986783, -0.739107, 12.992095, 13, 11;
6, 14.264244, -0.626896, 14.274476, 1672, 13;
6, 16.244117, -0.439120, 16.263233, 4299, 1672;
6, 17.715503, -0.323381, 17.739164, 1878, 4299;
6, 18.329492, -0.299879, 18.355069, 919, 1878;
6, 19.915770, -0.242602, 19.942381, 2060, 919;
6, 21.583265, -0.169693, 21.611470, 1772, 2060;
6, 23.062879, -0.136094, 23.091465, 3764, 1772;
6, 24.201941, -0.137749, 24.230528, 365, 3764;
6, 26.102451, -0.061309, 26.132575, 4136, 365;
6, 27.847865, -0.000581, 27.879045, 2571, 4136;
6, 29.186989, -0.111307, 29.222739, 4693, 2571;
6, 31.038864, 0.212492, 31.102709, 3496, 4693;
6, 32.209186, 0.385553, 32.285758, 4753, 3496;
6, 32.882542, 0.537057, 32.975947, 2977, 4753;
6, 34.708099, 0.416575, 34.840179, 2210, 2977;
6, 36.659062, 0.497124, 36.792804, 3940, 2210;
6, 37.065461, 0.496567, 37.199203, 3709, 3940;
6, 38.691864, 0.411747, 38.828162, 1680, 3709;
6, 39.943341, 0.490583, 40.082120, 4175, 1680;
6, 41.453448, 0.383515, 41.596017, 4358, 4175;
6, 42.167443, 0.413010, 42.310621, 4007, 4358;
6, 43.516901, 0.553904, 43.673819, 3843, 4007;
6, 45.122233, 0.567720, 45.280727, 3987, 3843;
6, 46.712263, 0.705209, 46.876690, 768, 3987;
6, 47.407200, 0.774283, 47.575052, 3991, 768;
6, 49.194028, 0.745029, 49.362119, 3755, 3991;
6, 49.606381, 0.734423, 49.774608, 4446, 3755;
6, 51.443712, 0.914871, 51.620779, 4616, 4446;
6, 52.279814, 1.019445, 52.463395, 2881, 4616;
6, 54.186763, 1.025956, 54.464718, 4127, 2881;
6, 55.490806, 1.232566, 55.785027, 2165, 4127;
6, 56.688954, 1.184734, 56.984130, 4539, 2165;
6, 58.559097, 0.633918, 58.933702, 3519, 4539;
6, 60.357561, 0.566956, 60.739445, 4245, 3519;
6, 61.664699, 0.535651, 62.046958, 1671, 4245;
6, 63.632173, 0.625575, 64.037338, 2790, 1671;
6, 64.488297, 0.689728, 64.895863, 1637, 2790;
6, 65.825176, 0.699750, 66.232779, 3424, 1637;
6, 67.698318, 0.887700, 68.115326, 2048, 3424;
6, 68.547323, 0.989217, 68.970379, 3507, 2048;
6, 70.483807, 1.021511, 70.907133, 2269, 3507;
6, 72.257196, 1.053302, 72.680807, 4714, 2269;
6, 74.254537, 1.012639, 74.678561, 4062, 4714;
6, 75.062167, 1.182448, 75.531961, 3327, 4062;
6, 77.018810, 1.080002, 77.500749, 552, 3327;
6, 78.616766, 1.361108, 79.123243, 4457, 552;
6, 79.057062, 1.318422, 79.565603, 3340, 4457;
6, 81.017622, 1.385841, 81.527322, 4557, 3340;
6, 82.209027, 1.297975, 82.721963, 4126, 4557;
6, 83.172904, 1.227959, 83.688379, 4675, 4126;
6, 83.979622, 0.960978, 84.538128, 3740, 4675;
6, 85.453957, 0.941873, 86.014690, 171, 3740;
6, 86.881517, 0.974538, 87.442623, 4076, 171;
6, 87.852116, 0.918460, 88.414841, 4420, 4076;
6, 88.970990, 0.782109, 89.541993, 1493, 4420;
6, 90.924479, 0.605413, 91.503457, 4453, 1493;
6, 92.648233, 0.759590, 93.234093, 4533, 4453;
6, 93.941069, 0.195776, 94.644521, 3163, 4533;
6, 95.376208, 0.255981, 96.083790, 694, 3163;
6, 96.780605, 0.285112, 97.488573, 1593, 694;
6, 97.936546, 0.344366, 98.646031, 2811, 1593;
6, 99.560457, 0.289302, 100.270876, 2584, 2811;
6, 101.013414, 0.212256, 101.725874, 3400, 2584;
6, 102.885545, 0.147693, 103.599118, 257, 3400;
6, 104.220815, 0.356388, 104.950599, 4465, 257;
6, 104.914317, 0.421780, 105.647177, 4620, 4465;
6, 106.666707, 0.554330, 107.404573, 4330, 4620;
6, 108.616949, 0.430633, 109.359297, 2777, 4330;
6, 110.264816, 0.368737, 111.033488, 304, 2777;
6, 111.689285, 0.355078, 112.458022, 3884, 304;
6, 113.237189, 0.331059, 114.006113, 353, 3884;
6, 114.988821, 0.306162, 115.757922, 4067, 353;
6, 116.458991, 0.209697, 117.231253, 3430, 4067;
6, 117.785878, 0.200340, 118.565919, 3972, 3430;
6, 119.576359, 0.180148, 120.356514, 4643, 3972;
6, 121.442100, 0.278323, 122.224837, 4266, 4643;
6, 123.353170, 0.261888, 124.152921, 1086, 4266;
6, 124.341485, 0.276387, 125.141342, 4633, 1086;
6, 125.947899, 0.068888, 126.761102, 1776, 4633;
6, 127.898809, 0.354047, 128.732743, 4660, 1776;
6, 129.517860, 0.137999, 130.366144, 3255, 4660;
6, 131.217020, 0.107550, 132.085564, 4583, 3255;
6, 133.042630, 0.050265, 133.912073, 1735, 4583;
6, 134.460876, -0.061144, 135.334688, 4718, 1735;
6, 136.346070, -0.610582, 137.298317, 4711, 4718;
6, 137.827627, -0.578752, 138.800716, 3941, 4711;
6, 139.684307, -0.505192, 140.672059, 643, 3941;
6, 141.647410, -0.409349, 142.637500, 4223, 643;
6, 142.155801, -0.375159, 143.147039, 3410, 4223;
6, 143.851410, -0.138539, 144.859078, 4351, 3410;
6, 145.416090, -0.313002, 146.433454, 2091, 4351;
6, 147.358485, -0.236675, 148.519040, 863, 2091;
6, 148.762607, -0.326564, 149.926036, 2598, 863;
6, 150.474855, -0.134640, 151.649007, 1078, 2598;
6, 152.298844, -0.145318, 153.473026, 3330, 1078;
6, 154.061865, -0.359611, 155.249023, 4758, 3330;
6, 155.700342, -0.392753, 156.887836, 1970, 4758;
6, 156.733997, -0.392141, 157.928875, 4546, 1970;
6, 158.174838, -0.479337, 159.372352, 4705, 4546;
6, 159.427395, -0.511329, 160.625317, 1785, 4705;
6, 161.354960, -0.552712, 162.611520, 3679, 1785;
6, 162.718159, -0.488063, 163.976251, 1554, 3679;
6, 163.710436, -0.498522, 164.968584, 4352, 1554;
6, 164.629234, -0.507554, 165.887426, 3677, 4352;
6, 166.322267, -0.316975, 167.596181, 2510, 3677;
6, 168.090937, -0.143716, 169.373317, 4575, 2510;
6, 169.965084, 0.157430, 171.271504, 3798, 4575;
6, 171.591640, 0.179297, 172.903330, 4387, 3798;
6, 172.369742, 0.268285, 173.686505, 3859, 4387;
6, 173.908031, 0.200197, 175.229070, 1695, 3859;
6, 175.825983, 0.119454, 177.148721, 4478, 1695;
6, 177.219988, -0.157258, 178.569924, 1609, 4478;
6, 179.057339, -0.219759, 180.408338, 4763, 1609;
7, 0.000000, -1.000000, 0.000000, 0, -1;
7, 1.999692, -0.965199, 1.999995, 2, 0;
7, 3.999597, -0.949934, 3.999958, 4, 2;
7, 5.999143, -0.927156, 5.999633, 6, 4;
7, 6.999125, -0.921230, 6.999633, 7, 6;
7, 8.394946, -0.892563, 8.395748, 1336, 7;
7, 9.276391, -0.851366, 9.278155, 1521, 1336;
7, 11.141025, -0.815946, 11.143126, 5236, 1521;
7, 12.986783, -0.739107, 12.990483, 13, 5236;
7, 14.459304, -0.665282, 14.464854, 5513, 13;
7, 16.178088, -0.576598, 16.185924, 3853, 5513;
7, 17.940497, -0.502232, 17.952957, 2934, 3853;
7, 19.746010, -0.490343, 19.758510, 3978, 2934;
7, 21.137750, -0.488128, 21.150251, 7940, 3978;
7, 22.805693, -0.441823, 22.818838, 6868, 7940;
7, 24.646766, -0.330335, 24.663712, 7351, 6868;
7, 25.650174, -0.259167, 25.669641, 1732, 7351;
7, 27.526017, -0.207572, 27.546194, 7682, 1732;
7, 29.186989, -0.111307, 29.209953, 4693, 7682;
7, 30.510940, -0.036418, 30.536021, 8050, 4693;
7, 32.433464, -0.022117, 32.458598, 6080, 8050;
7, 34.229399, 0.064281, 34.272198, 4027, 6080;
7, 36.189954, 0.156980, 36.234943, 6438, 4027;
7, 37.099653, 0.041766, 37.151909, 6322, 6438;
7, 38.925819, -0.183694, 38.991940, 7677, 6322;
7, 40.822289, -0.334695, 40.894412, 3751, 7677;
7, 42.468263, -0.612721, 42.563702, 7912, 3751;
7, 43.747910, -0.560910, 43.844398, 3705, 7912;
7, 45.070387, -0.625741, 45.168462, 8049, 3705;
7, 47.010118, -0.711264, 47.110078, 5169, 8049;
7, 48.756116, -0.553577, 48.863182, 8131, 5169;
7, 50.581992, -0.453677, 50.691788, 7175, 8131;
7, 52.542640, -0.583814, 52.666323, 7131, 7175;
7, 53.806435, -0.685556, 53.934448, 3954, 7131;
7, 55.646140, -0.762752, 55.775772, 7899, 3954;
7, 57.249425, -0.831620, 57.380535, 6160, 7899;
7, 58.836551, -0.912829, 59.060114, 7647, 6160;
7, 59.577619, -0.941576, 59.801739, 6891, 7647;
7, 61.300510, -1.088724, 61.534758, 7003, 6891;
7, 62.726442, -1.129033, 62.961260, 5360, 7003;
7, 64.102172, -1.160664, 64.337353, 7238, 5360;
7, 65.822141, -1.177427, 66.057403, 7551, 7238;
7, 67.576380, -1.291557, 67.815351, 820, 7551;
7, 69.388786, -1.362464, 69.642812, 6985, 820;
7, 70.816205, -1.424281, 71.071569, 4274, 6985;
7, 71.807470, -1.445417, 72.063060, 7566, 4274;
7, 72.824020, -1.466449, 73.079827, 7128, 7566;
7, 73.972348, -1.426184, 74.228860, 7660, 7128;
7, 75.832345, -1.231193, 76.099051, 6927, 7660;
7, 77.254150, -1.116504, 77.552229, 1781, 6927;
7, 79.009443, -0.920688, 79.318412, 7186, 1781;
7, 80.485636, -0.700652, 80.810913, 2107, 7186;
7, 82.264120, -0.419971, 82.611410, 7885, 2107;
7, 83.980142, -0.226663, 84.338285, 7124, 7885;
7, 85.739003, -0.267938, 86.143791, 7762, 7124;
7, 87.451991, -0.285183, 87.856866, 7249, 7762;
7, 89.290120, -0.295787, 89.695776, 3680, 7249;
7, 91.148396, -0.330863, 91.554383, 7561, 3680;
7, 93.015410, -0.322897, 93.421414, 818, 7561;
7, 94.625718, -0.339088, 95.031803, 8175, 818;
7, 96.007406, -0.259424, 96.415786, 5814, 8175;
7, 97.554335, -0.308028, 97.975516, 8137, 5814;
7, 99.532505, -0.270496, 99.954041, 6816, 8137;
7, 100.107186, -0.299736, 100.576940, 4244, 6816;
7, 101.929217, -0.330282, 102.399227, 7955, 4244;
7, 103.407160, -0.305667, 103.877376, 7898, 7955;
7, 105.214216, -0.245178, 105.686773, 7080, 7898;
7, 106.561816, -0.296375, 107.035345, 8150, 7080;
7, 108.005084, -0.541244, 108.499238, 7365, 8150;
7, 109.114525, -0.609029, 109.623366, 185, 7365;
7, 110.239232, -0.607911, 110.748073, 7649, 185;
7, 112.112768, -0.663836, 112.622444, 190, 7649;
7, 113.301375, -0.717176, 113.812247, 7863, 190;
7, 115.093334, -0.440592, 115.625426, 7902, 7863;
7, 116.805071, -0.383654, 117.338110, 6637, 7902;
7, 118.657608, -0.792099, 119.235139, 8033, 6637;
7, 120.590525, -0.588638, 121.178734, 2351, 8033;
7, 122.225673, -0.581275, 122.932813, 6479, 2351;
7, 123.996750, -0.624896, 124.704427, 2263, 6479;
7, 125.204991, -0.567202, 125.914045, 7025, 2263;
7, 127.131022, -0.509585, 127.840938, 4514, 7025;
7, 129.000177, -0.677304, 129.717602, 7549, 4514;
7, 130.801205, -0.716306, 131.519052, 7837, 7549;
7, 132.652612, -0.496580, 133.383452, 7482, 7837;
7, 134.505691, -0.623777, 135.262761, 3775, 7482;
7, 135.627181, -0.662261, 136.384910, 8181, 3775;
7, 137.580305, -0.422344, 138.352715, 7162, 8181;
7, 139.103332, -0.272170, 139.918124, 5259, 7162;
7, 139.854695, -0.247242, 140.669901, 7844, 5259;
7, 141.434014, -0.137555, 142.253024, 6518, 7844;
7, 142.881975, -0.148941, 143.718063, 4923, 6518;
7, 144.785990, -0.157032, 145.622094, 6987, 4923;
7, 146.126803, -0.123173, 146.963335, 3892, 6987;
7, 148.002244, -0.178117, 148.839581, 7114, 3892;
7, 148.888582, -0.032608, 149.737784, 3561, 7114;
7, 150.699019, 0.115255, 151.554248, 8067, 3561;
7, 151.548545, 0.266232, 152.417086, 411, 8067;
7, 153.060320, 0.083150, 153.941110, 7350, 411;
7, 154.772678, 0.139382, 155.654391, 884, 7350;
7, 155.243277, 0.160490, 156.125464, 7700, 884;
7, 156.698932, 0.141937, 157.581237, 1114, 7700;
7, 158.342950, 0.284411, 159.254443, 6828, 1114;
7, 160.182164, 0.229005, 161.094492, 7129, 6828;
7, 161.931094, 0.203462, 162.843609, 1570, 7129;
7, 162.330035, 0.192740, 163.242694, 7135, 1570;
7, 164.327174, 0.203595, 165.239862, 475, 7135;
7, 165.993238, 0.255323, 166.906729, 7582, 475;
7, 167.236804, 0.290118, 168.150782, 7878, 7582;
7, 168.897325, 0.369243, 169.813187, 3191, 7878;
7, 170.870205, 0.470609, 171.788670, 8019, 3191;
7, 172.508607, 0.494418, 173.427245, 569, 8019;
7, 174.095784, 0.455196, 175.014906, 8122, 569;
7, 175.246530, 0.172136, 176.199954, 7732, 8122;
7, 176.714811, 0.009309, 177.730150, 6486, 7732;
7, 177.873055, -0.076509, 178.891568, 7828, 6486;
7, 179.294374, -0.127597, 180.313805, 8236, 7828;
8, 0.000000, -1.000000, 0.000000, 0, -1;
8, 1.999692, -0.965199, 1.999995, 2, 0;
8, 3.999597, -0.949934, 3.999958, 4, 2;
8, 5.999143, -0.927156, 5.999633, 6, 4;
8, 6.835241, -0.910688, 6.835894, 10960, 6;
8, 8.394946, -0.892563, 8.395704, 1336, 10960;
8, 9.276391, -0.851366, 9.278155, 1521, 1336;
8, 10.987046, -0.760094, 10.991244, 11, 1521;
8, 12.557650, -0.716330, 12.562458, 9427, 11;
8, 14.459304, -0.665282, 14.464797, 5513, 9427;
8, 16.269408, -0.648561, 16.275035, 2570, 5513;
8, 18.009581, -0.622427, 18.015404, 9115, 2570;
8, 20.000364, -0.594740, 20.006379, 4866, 9115;
8, 21.722756, -0.499858, 21.731383, 11254, 4866;
8, 22.517225, -0.425260, 22.529347, 8189, 11254;
8, 24.462473, -0.316357, 24.479288, 8567, 8189;
8, 26.087630, -0.217182, 26.107468, 11170, 8567;
8, 27.526017, -0.207572, 27.545887, 7682, 11170;
8, 29.186989, -0.111307, 29.209953, 4693, 7682;
8, 30.510940, -0.036418, 30.536021, 8050, 4693;
8, 32.433464, -0.022117, 32.458598, 6080, 8050;
8, 34.238756, 0.036653, 34.264845, 10551, 6080;
8, 34.859302, 0.084745, 34.887253, 11110, 10551;
8, 36.270756, -0.020840, 36.302650, 8743, 11110;
8, 37.557211, -0.033605, 37.593001, 201, 8743;
8, 38.813895, -0.029957, 38.849690, 9191, 201;
8, 40.597898, -0.084585, 40.634530, 7906, 9191;
8, 42.394907, -0.120300, 42.431893, 10215, 7906;
8, 43.723813, -0.139344, 43.760936, 9229, 10215;
8, 45.417013, -0.243894, 45.463035, 5645, 9229;
8, 46.960496, -0.303141, 47.007654, 9408, 5645;
8, 47.712217, -0.296756, 47.759403, 486, 9408;
8, 49.179433, -0.249081, 49.227393, 10828, 486;
8, 50.794558, -0.313987, 50.843821, 686, 10828;
8, 52.558774, -0.458244, 52.613926, 10928, 686;
8, 53.538028, -0.322017, 53.602610, 328, 10928;
8, 55.040096, -0.223921, 55.123111, 10435, 328;
8, 56.526194, -0.327838, 56.612838, 9589, 10435;
8, 58.312971, -0.382482, 58.400853, 4298, 9589;
8, 59.682748, -0.372019, 59.770669, 10373, 4298;
8, 61.578082, -0.580778, 61.677466, 8759, 10373;
8, 63.187054, -0.722856, 63.292698, 11358, 8759;
8, 64.285024, -0.826629, 64.395561, 9990, 11358;
8, 65.475455, -0.773298, 65.590252, 2804, 9990;
8, 67.148850, -0.798891, 67.263842, 10824, 2804;
8, 68.469260, -0.696967, 68.588181, 10971, 10824;
8, 70.384952, -0.659089, 70.504248, 11009, 10971;
8, 71.706268, -0.540439, 71.830880, 5772, 11009;
8, 73.011855, -0.514889, 73.157474, 10507, 5772;
8, 74.899941, -0.539106, 75.045715, 4048, 10507;
8, 76.853067, -0.406071, 77.003367, 10994, 4048;
8, 77.688865, -0.427876, 77.839449, 5554, 10994;
8, 79.420788, -0.252327, 79.580246, 11108, 5554;
8, 80.617327, -0.376986, 80.783261, 980, 11108;
8, 82.067696, -0.367615, 82.273263, 11034, 980;
8, 82.683688, -0.241153, 82.902102, 10762, 11034;
8, 84.458715, -0.218131, 84.680977, 7034, 10762;
8, 86.159548, -0.269450, 86.382584, 10836, 7034;
8, 88.115431, -0.233887, 88.338790, 10503, 10836;
8, 88.800230, -0.169894, 89.026574, 11199, 10503;
8, 90.716847, -0.041411, 90.947492, 1575, 11199;
8, 92.497937, -0.195699, 92.735252, 11218, 1575;
8, 94.330161, -0.125159, 94.568833, 8066, 11218;
8, 95.074249, -0.058939, 95.331837, 10339, 8066;
8, 96.479415, -0.021190, 96.737511, 10136, 10339;
8, 98.117814, -0.026747, 98.379047, 429, 10136;
8, 99.793790, 0.082858, 100.058603, 10689, 429;
8, 101.088965, 0.011413, 101.355746, 5562, 10689;
8, 102.789094, -0.032059, 103.056431, 11161, 5562;
8, 104.720754, 0.001397, 104.988381, 6555, 11161;
8, 106.226769, 0.053928, 106.495312, 11298, 6555;
8, 108.143329, 0.315999, 108.429707, 2022, 11298;
8, 109.468144, 0.231634, 109.757864, 10917, 2022;
8, 111.413106, 0.028500, 111.713404, 10246, 10917;
8, 112.738150, -0.054908, 113.139500, 1836, 10246;
8, 114.057549, -0.154369, 114.462642, 10483, 1836;
8, 116.008646, -0.339004, 116.422456, 3555, 10483;
8, 117.971294, -0.373093, 118.385400, 11095, 3555;
8, 119.215912, -0.368229, 119.630028, 10790, 11095;
8, 120.104013, -0.438450, 120.523225, 217, 10790;
8, 121.541137, -0.472966, 121.960763, 10854, 217;
8, 123.285987, -0.735612, 123.725270, 8566, 10854;
8, 125.011580, -1.015840, 125.473469, 11263, 8566;
8, 126.104029, -1.235885, 126.587859, 5370, 11263;
8, 127.742866, -1.192226, 128.230257, 10459, 5370;
8, 129.515379, -1.122720, 130.004132, 6911, 10459;
8, 131.243526, -1.078786, 131.732838, 10532, 6911;
8, 132.212194, -1.072229, 132.701527, 4284, 10532;
8, 133.945976, -1.146998, 134.436921, 10893, 4284;
8, 135.682663, -1.132549, 136.173668, 6535, 10893;
8, 136.988701, -1.157547, 137.479946, 11035, 6535;
8, 138.773607, -1.143582, 139.264906, 9437, 11035;
8, 140.659589, -1.328014, 141.241471, 5765, 9437;
8, 141.096013, -1.391183, 141.682443, 10137, 5765;
8, 142.231039, -1.456790, 142.819363, 6466, 10137;
8, 143.724512, -1.553760, 144.315981, 10365, 6466;
8, 145.331792, -1.804668, 145.942728, 8484, 10365;
8, 145.853058, -1.826882, 146.464466, 10745, 8484;
8, 147.553023, -1.736668, 148.166824, 7491, 10745;
8, 149.511832, -1.814431, 150.127175, 10879, 7491;
8, 151.405236, -1.776608, 152.020957, 10134, 10879;
8, 153.223663, -1.498478, 153.860531, 11352, 10134;
8, 154.639380, -1.164940, 155.315008, 11213, 11352;
8, 156.109298, -0.964279, 156.800047, 5896, 11213;
8, 157.666416, -0.879600, 158.361437, 11101, 5896;
8, 159.543292, -0.839908, 160.238732, 11348, 11101;
8, 161.222491, -0.171815, 162.045956, 5199, 11348;
8, 163.000724, -0.141512, 163.825182, 10536, 5199;
8, 164.576413, -0.070337, 165.402479, 6221, 10536;
8, 166.473491, -0.042308, 167.310048, 10520, 6221;
8, 168.463999, 0.141179, 169.308996, 8327, 10520;
8, 169.645541, 0.109127, 170.490972, 11116, 8327;
8, 171.591640, 0.179297, 172.438335, 4387, 11116;
8, 172.156827, 0.216797, 173.004766, 11248, 4387;
8, 174.125261, 0.102857, 174.976494, 7873, 11248;
8, 175.544027, 0.251735, 176.403779, 11169, 7873;
8, 177.074624, 0.000603, 177.954842, 10497, 11169;
8, 179.041159, 0.131825, 179.925750, 11389, 10497;
9, 0.000000, -1.000000, 0.000000, 0, -1;
9, 1.513751, -0.963094, 1.514201, 6012, 0;
9, 3.210677, -0.915048, 3.211806, 7109, 6012;
9, 4.000923, -0.902087, 4.002159, 1450, 7109;
9, 5.911341, -0.859138, 5.913060, 11800, 1450;
9, 7.284813, -0.797254, 7.287925, 8693, 11800;
9, 9.233822, -0.763841, 9.237221, 13228, 8693;
9, 10.987046, -0.760094, 10.990449, 11, 13228;
9, 12.557650, -0.716330, 12.562458, 9427, 11;
9, 14.036008, -0.658753, 14.041936, 12841, 9427;
9, 15.871111, -0.595742, 15.878121, 1423, 12841;
9, 17.462378, -0.572236, 17.469813, 10839, 1423;
9, 19.036100, -0.513912, 19.044615, 10451, 10839;
9, 20.428234, -0.457253, 20.437902, 11327, 10451;
9, 21.976786, -0.367148, 21.989073, 3733, 11327;
9, 22.889360, -0.395563, 22.902089, 13747, 3733;
9, 24.462473, -0.316357, 24.477195, 8567, 13747;
9, 26.369368, -0.198330, 26.387739, 13833, 8567;
9, 27.761469, -0.128806, 27.781575, 7398, 13833;
9, 29.173392, -0.046926, 29.197933, 13696, 7398;
9, 30.510940, -0.036418, 30.535523, 8050, 13696;
9, 32.433464, -0.022117, 32.458598, 6080, 8050;
9, 34.238756, 0.036653, 34.264845, 10551, 6080;
9, 36.146843, -0.074543, 36.176170, 3003, 10551;
9, 36.604295, -0.100980, 36.634386, 11918, 3003;
9, 37.923666, -0.047849, 37.954825, 9965, 11918;
9, 39.626081, -0.074464, 39.662236, 11612, 9965;
9, 40.597898, -0.084585, 40.634106, 7906, 11612;
9, 42.394907, -0.120300, 42.431893, 10215, 7906;
9, 43.723813, -0.139344, 43.760936, 9229, 10215;
9, 45.562720, -0.095528, 45.600364, 10894, 9229;
9, 47.306149, -0.193695, 47.346555, 6343, 10894;
9, 49.278321, -0.352680, 49.325125, 13135, 6343;
9, 50.935318, -0.357355, 50.982129, 11880, 13135;
9, 52.574587, -0.386196, 52.622588, 12471, 11880;
9, 53.282146, -0.467014, 53.334748, 10568, 12471;
9, 54.831560, -0.529227, 54.888014, 11530, 10568;
9, 56.473441, -0.572085, 56.530454, 8731, 11530;
9, 58.301256, -0.534216, 58.358660, 11671, 8731;
9, 59.774184, -0.449315, 59.834033, 12737, 11671;
9, 61.489111, -0.446484, 61.548963, 91, 12737;
9, 61.904923, -0.473530, 61.965654, 13475, 91;
9, 63.704259, -0.336178, 63.770224, 13253, 13475;
9, 65.690766, -0.453385, 65.765537, 4641, 13253;
9, 67.162026, -0.512434, 67.237982, 13863, 4641;
9, 69.159755, -0.521032, 69.235729, 13609, 13863;
9, 71.019901, -0.461744, 71.106774, 13641, 13609;
9, 72.369347, -0.602515, 72.463543, 5665, 13641;
9, 74.326509, -0.627816, 74.426782, 13424, 5665;
9, 75.175674, -0.672868, 75.277142, 13516, 13424;
9, 77.151017, -0.571441, 77.255086, 578, 13516;
9, 78.624711, -0.439567, 78.734669, 13578, 578;
9, 80.617327, -0.376986, 80.728268, 980, 13578;
9, 82.311642, -0.307434, 82.424009, 13839, 980;
9, 84.003949, 0.057091, 84.155131, 11915, 13839;
9, 85.486722, 0.065382, 85.645314, 8130, 11915;
9, 87.051450, 0.038719, 87.210269, 13556, 8130;
9, 88.948804, 0.159412, 89.111458, 11908, 13556;
9, 89.915163, 0.163050, 90.077824, 13770, 11908;
9, 91.893685, 0.163106, 92.056346, 5725, 13770;
9, 93.683343, 0.297430, 93.851038, 13903, 5725;
9, 95.133903, 0.340825, 95.302246, 13006, 13903;
9, 96.856912, 0.369137, 97.053729, 9661, 13006;
9, 97.923506, 0.420690, 98.121567, 13291, 9661;
9, 99.485922, 0.410858, 99.684014, 7300, 13291;
9, 100.768860, 0.480948, 100.968866, 13354, 7300;
9, 102.105998, 0.477010, 102.306009, 6570, 13354;
9, 103.760507, 0.488319, 103.960557, 13357, 6570;
9, 105.552202, 0.342278, 105.758194, 7027, 13357;
9, 107.244197, 0.109067, 107.466185, 13414, 7027;
9, 108.789977, 0.090171, 109.012081, 13510, 13414;
9, 110.756783, -0.003862, 110.981133, 13441, 13510;
9, 112.387109, -0.192864, 112.623740, 8829, 13441;
9, 113.934221, -0.378915, 114.181999, 13955, 8829;
9, 115.914489, -0.289006, 116.164307, 12557, 13955;
9, 117.378928, -0.473741, 117.680910, 8862, 12557;
9, 118.760080, -0.634778, 119.071418, 13551, 8862;
9, 120.590525, -0.588638, 120.902445, 2351, 13551;
9, 122.125324, -0.613173, 122.437440, 13763, 2351;
9, 123.972380, -0.794018, 124.293328, 13272, 13763;
9, 125.114713, -0.786274, 125.460690, 3302, 13272;
9, 126.808226, -0.810409, 127.154374, 13861, 3302;
9, 128.021753, -0.617791, 128.383093, 13429, 13861;
9, 129.963216, -0.625866, 130.327928, 3568, 13429;
9, 130.861815, -0.616005, 131.226581, 13730, 3568;
9, 132.652612, -0.496580, 133.021356, 7482, 13730;
9, 134.297845, -0.431726, 134.699518, 13241, 7482;
9, 136.134519, -0.484053, 136.536937, 9566, 13241;
9, 138.100530, -0.410188, 138.504335, 13552, 9566;
9, 139.649039, -0.422578, 140.052894, 10976, 13552;
9, 141.245556, -0.420925, 141.649411, 13618, 10976;
9, 143.047223, -0.267765, 143.457576, 5245, 13618;
9, 144.959770, -0.669689, 145.411900, 13800, 5245;
9, 146.820334, -0.878297, 147.284122, 11077, 13800;
9, 148.755259, -1.202220, 149.245973, 13913, 11077;
9, 149.557192, -1.038952, 150.064358, 10284, 13913;
9, 151.135546, -1.002756, 151.650121, 13242, 10284;
9, 152.505031, -0.959970, 153.020275, 9216, 13242;
9, 153.761639, -0.961203, 154.276883, 13831, 9216;
9, 155.434720, -1.054527, 155.952565, 2540, 13831;
9, 157.177596, -1.134297, 157.708444, 13761, 2540;
9, 158.942179, -1.155234, 159.473152, 6912, 13761;
9, 160.652380, -1.213943, 161.184359, 13782, 6912;
9, 162.576316, -1.174302, 163.108704, 13715, 13782;
9, 164.301385, -1.369047, 164.874859, 13196, 13715;
9, 165.213546, -1.314049, 165.807807, 13202, 13196;
9, 167.055439, -1.119194, 167.659978, 9027, 13202;
9, 168.872751, -1.077077, 169.477779, 13922, 9027;
9, 170.206620, -0.980332, 170.815151, 7345, 13922;
9, 171.867935, -0.725681, 172.511631, 13398, 7345;
9, 173.676523, -0.594755, 174.324953, 13918, 13398;
9, 174.471830, -0.541334, 175.122052, 13421, 13918;
9, 176.305167, -0.300215, 176.971239, 767, 13421;
9, 178.068900, -0.152139, 178.741177, 13573, 767;
9, 179.062203, -0.126724, 179.734805, 13971, 13573;
